{"colsample_bylevel": 0.1830273636862383, "colsample_bynode": 0.17198538916396988, "colsample_bytree": 0.45529060575428076, "learning_rate": 0.39870174011291404, "max_delta_step": 10, "max_depth": 2, "min_child_weight": 4.52191001333376, "min_split_loss": 5.625629608940346, "n_estimators": 450, "reg_alpha": 0.2644314784339179, "reg_lambda": 1.7587546050339977, "subsample": 0.5853622528227965, "tree_method": "hist", "grow_policy": "lossguide", "objective": "reg:squarederror", "eval_metric": "rmse", "verbosity": 1}