{"colsample_bylevel": 0.8936261922748368, "colsample_bynode": 0.8418649305895765, "colsample_bytree": 0.6513765185569744, "learning_rate": 0.16263747600049241, "max_delta_step": 0, "max_depth": 4, "min_child_weight": 6.4414624675259065, "min_split_loss": 3.5771702239184062, "n_estimators": 200, "reg_alpha": 0.2613254096811093, "reg_lambda": 7.65462717035302, "subsample": 0.40478609894390016, "tree_method": "hist", "grow_policy": "lossguide", "objective": "reg:squarederror", "eval_metric": "rmse", "verbosity": 1}