{"colsample_bylevel": 0.8988076186573436, "colsample_bynode": 0.8127286027280418, "colsample_bytree": 0.504134139475188, "learning_rate": 0.2878280279384496, "max_delta_step": 0, "max_depth": 4, "min_child_weight": 3.6118314982600097, "min_split_loss": 1.6605813022105933, "n_estimators": 460, "reg_alpha": 0.6387947763675046, "reg_lambda": 1.5742214972636281, "subsample": 0.563528576384718, "tree_method": "hist", "grow_policy": "lossguide", "objective": "reg:squarederror", "eval_metric": "rmse", "verbosity": 1}