{"colsample_bylevel": 0.5819509497985466, "colsample_bynode": 0.5188527520896341, "colsample_bytree": 0.314653720335165, "learning_rate": 0.2886457880082949, "max_delta_step": 0, "max_depth": 2, "min_child_weight": 6.5659642484476715, "min_split_loss": 9.992354064610753, "n_estimators": 390, "reg_alpha": 1.6924959984090968, "reg_lambda": 6.859713216066881, "subsample": 0.5984850443229957, "tree_method": "hist", "grow_policy": "lossguide", "objective": "reg:squarederror", "eval_metric": "rmse", "verbosity": 1}